cue,start,end,chars,verbatim,compact,similarity_local,text
1,"00:00:00,100","00:00:04,340",32,True,True,0.6667,「あれ、今、何をしようとしてたんだっけ」「鍵はどこに置いたかな」
2,"00:00:04,460","00:00:09,107",32,False,False,0.5714,そんな、日常のささいな物忘れ、誰にでもありますよね年齢を重ねれば
3,"00:00:09,227","00:00:12,160",16,True,True,0.5714,人の名前がすぐに出てこなかったり
4,"00:00:12,280","00:00:15,700",32,True,True,0.5714,思い出したいことがぼんやりと霞がかかったようになったりすることも
5,"00:00:15,820","00:00:16,940",12,False,False,0.5714,ごく自然なことですですが
6,"00:00:17,060","00:00:21,870",24,False,False,0.5714,もしあなたがご家族に対して感じているその違和感が
7,"00:00:21,990","00:00:23,310",14,True,True,0.1633,単なる年齢のせいなどではなく
8,"00:00:23,430","00:00:26,430",24,False,False,0.5714,もっと深刻な変化の始まりだとしたらどうでしょうか
9,"00:00:26,550","00:00:29,090",22,True,True,0.5714,あれ、なんだか最近、お母さんの様子がおかしい
10,"00:00:29,210","00:00:31,970",14,True,True,0.5714,前はこんな人じゃなかったのに
11,"00:00:32,090","00:00:33,930",15,False,False,0.5769,その胸騒ぎの正体はもしかしたら
12,"00:00:34,050","00:00:35,860",16,True,True,0.5714,あなたの人生で最も大切な人からの
13,"00:00:35,980","00:00:40,700",29,False,False,0.5743,見逃してはいけない危険なサインなのかもしれませんこんにちは
14,"00:00:40,820","00:00:43,080",15,False,False,0.5769,本日は単なる加齢による物忘れと
15,"00:00:43,200","00:00:46,340",26,True,True,0.5714,認知症の初期段階で見られる危険な兆候との違いについて
16,"00:00:46,460","00:00:51,850",38,False,True,0.5736,ご家族だからこそ気付ける10個の具体 / 的なサインという形でお話ししていきます
17,"00:00:51,970","00:00:54,350",17,True,True,0.5763,これは、決して他人事ではありません
18,"00:00:54,470","00:00:58,070",29,False,False,0.099,そして、いたずらに不安を煽りたいわけでもありません認知症は
19,"00:00:58,190","00:01:00,170",18,False,False,0.5714,早期に発見し適切な対応を始めることで
20,"00:01:00,290","00:01:03,490",25,True,True,0.5747,その後の生活の質を大きく変えることができる病気です
21,"00:01:03,610","00:01:07,430",34,True,True,0.5714,だからこそ、一番近くにいるあなたの気づきが、何よりも重要になるのです
22,"00:01:07,550","00:01:10,570",19,False,False,0.5758,少しシリアスな内容になりますがあなたと
23,"00:01:10,690","00:01:12,430",16,True,True,0.2857,あなたの大切な家族の未来のために
24,"00:01:12,550","00:01:15,310",19,True,True,0.5758,どうか最後まで真剣にお付き合いください
25,"00:01:15,430","00:01:18,350",31,True,True,0.5741,まず一つ目のサインは、日々の生活に支障をきたすほどの物忘れです
26,"00:01:18,470","00:01:20,500",15,True,True,0.5769,若い頃の思い出は鮮明に語るのに
27,"00:01:20,620","00:01:22,260",12,True,True,0.5714,昨日の夕食に何を食べたか
28,"00:01:22,380","00:01:25,140",22,True,True,0.5714,あるいは数時間前に電話で話した内容そのものを
29,"00:01:25,260","00:01:26,220",10,True,True,0.1714,すっかり忘れてしまう
30,"00:01:26,340","00:01:28,630",16,True,True,0.1786,これが、危険な物忘れの始まりです
31,"00:01:28,750","00:01:30,710",15,True,True,0.5769,約束そのものを忘れてしまったり
32,"00:01:30,830","00:01:31,870",11,True,True,0.5789,同じことを何度も何度も
33,"00:01:31,990","00:01:35,010",21,True,True,0.5753,まるで初めて話すかのように尋ねてきたりする
34,"00:01:35,130","00:01:38,090",20,True,True,0.1429,そんな場面が増えてきたら、注意が必要です
35,"00:01:38,210","00:01:42,270",38,False,True,0.5736,これは、新しい情報を記憶として脳に留めておく力が、 / 弱まっている証拠なのです
36,"00:01:42,390","00:01:47,700",36,True,True,0.5714,二つ目は、これまで当たり前にできていた作業や、段取りが難しくなることです
37,"00:01:47,820","00:01:51,900",38,False,True,0.5736,例えば、長年作り続けてきた得意な料理のレシピが、 / 急に分からなくなってしまう
38,"00:01:52,020","00:01:56,380",34,True,True,0.5714,調味料を入れる順番を間違えたり、火の加減がめちゃくちゃになったりする
39,"00:01:56,500","00:02:01,060",34,False,False,0.5714,あるいは、毎日使っていた洗濯機や炊飯器の操作に戸惑う姿を見せるこれは
40,"00:02:01,180","00:02:03,030",9,True,True,0.5806,一連の行動を計画し
41,"00:02:03,150","00:02:04,550",12,True,True,0.5714,順序立てて実行するという
42,"00:02:04,670","00:02:07,990",29,True,True,0.5743,脳の司令塔のような機能がうまく働かなくなっているサインです
43,"00:02:08,110","00:02:10,790",22,True,True,0.5714,仕事でお金の管理をきっちりしていたお父さんが
44,"00:02:10,910","00:02:13,460",21,True,True,0.5753,公共料金の支払いを何度も忘れるようになった
45,"00:02:13,580","00:02:14,700",11,True,True,0.2105,というのもこの一つです
46,"00:02:14,820","00:02:16,760",23,True,True,0.575,三つ目は、時間や場所の感覚が曖昧になることです
47,"00:02:16,880","00:02:19,740",23,True,True,0.575,今日が何月何日で、何曜日なのかが分からなくなる
48,"00:02:19,860","00:02:24,450",35,True,True,0.5738,春なのに、冬のコートを着ようとしたり、季節感のない言動が見られたりする
49,"00:02:24,570","00:02:25,410",6,True,True,0.5714,ひどくなると
50,"00:02:25,530","00:02:27,690",19,True,True,0.5758,慣れたはずの近所のスーパーに行ったきり
51,"00:02:27,810","00:02:31,680",31,False,False,0.5741,帰り道が分からなくなって途方に暮れてしまうこともありますこれは
52,"00:02:31,800","00:02:32,760",9,True,True,0.5806,私たちがいかに普段
53,"00:02:32,880","00:02:36,340",32,True,True,0.5714,時間や空間を認識するという高度な脳の働きに支えられて生きているか
54,"00:02:36,460","00:02:37,440",13,True,True,0.5778,ということを物語っています
55,"00:02:37,560","00:02:43,180",39,False,True,0.1353,この感覚が失われると、 / 本人は非常に大きな不安と混乱の中に置かれてしまうのです
56,"00:02:43,300","00:02:47,080",27,True,True,0.5745,四つ目のサインは、言葉がすんなり出てこなくなることです
57,"00:02:47,200","00:02:50,840",33,True,True,0.5739,会話の途中で、言いたい言葉が分からなくなって、突然黙り込んでしまう
58,"00:02:50,960","00:02:55,900",43,False,False,0.0952,あるいは、物の名前が出てこなくて、あれ、 / とか、それ、といった言葉が極端に増える例えば
59,"00:02:56,020","00:02:57,800",20,False,False,0.5714,いつも腕にはめている時計を指差して「あの
60,"00:02:57,920","00:02:59,820",14,True,True,0.5714,時間を計るやつ」というような
61,"00:02:59,940","00:03:02,980",21,False,False,0.5753,回りくどい言い方をするようになりますこれは
62,"00:03:03,100","00:03:04,420",12,True,True,0.1905,頭の中にある言葉の辞書と
63,"00:03:04,540","00:03:06,240",19,True,True,0.5758,現実の物とをスムーズに結びつける機能が
64,"00:03:06,360","00:03:08,760",18,True,True,0.5714,少しずつ衰えていることを示しています
65,"00:03:08,880","00:03:12,220",33,True,True,0.5739,五つ目は、大切なものを、あり得ない場所にしまい込んでしまうことです
66,"00:03:12,340","00:03:15,910",27,True,True,0.5745,そして、それをどこに置いたか、全く思い出せなくなります
67,"00:03:16,030","00:03:19,020",23,True,True,0.575,テレビのリモコンを冷蔵庫の中に入れてしまったり
68,"00:03:19,140","00:03:21,480",22,False,False,0.5714,財布をタンスの奥深くに隠してしまったりそして
69,"00:03:21,600","00:03:22,760",10,True,True,0.5714,それが見つからないと
70,"00:03:22,880","00:03:24,340",14,True,True,0.5714,「誰かが盗んだに違いない」と
71,"00:03:24,460","00:03:27,780",21,True,True,0.5753,一番身近な家族を疑ってしまうことがあります
72,"00:03:27,900","00:03:30,610",18,True,True,0.5714,これは、単なる置き忘れではありません
73,"00:03:30,730","00:03:34,970",36,True,True,0.5714,自分の失敗を認識できず、その矛盾を説明するために、他人のせいにしてしまう
74,"00:03:35,090","00:03:39,500",31,True,True,0.5741,これもまた、脳の機能低下が引き起こす、悲しい症状の一つなのです
75,"00:03:39,620","00:03:43,020",28,False,False,0.5714,六つ目は、判断力や思考力が明らかに低下することです例えば
76,"00:03:43,140","00:03:45,860",22,True,True,0.5714,善意を装った電話セールスを簡単に信じてしまい
77,"00:03:45,980","00:03:48,607",23,False,False,0.575,高額で不要な商品を次々と契約してしまうあるいは
78,"00:03:48,727","00:03:50,980",23,False,False,0.575,真夏なのにクーラーをつけず汗だくで部屋にいたり
79,"00:03:51,100","00:03:53,780",18,True,True,0.5714,真冬なのに薄着で過ごそうとしたりする
80,"00:03:53,900","00:03:55,800",20,False,False,0.5714,健康や安全を守るために状況を客観的に見て
81,"00:03:55,920","00:03:59,060",23,True,True,0.225,適切に行動するという能力が鈍ってきているのです
82,"00:03:59,180","00:04:01,260",14,True,True,0.5714,身だしなみに全く無頓着になり
83,"00:04:01,380","00:04:03,120",12,True,True,0.5714,何日も同じ服を着続けたり
84,"00:04:03,240","00:04:05,820",18,True,True,0.5714,お風呂に入るのを面倒がったりするのも
85,"00:04:05,940","00:04:08,540",20,False,False,0.2,この判断力の低下が関係しています七つ目は
86,"00:04:08,660","00:04:10,260",13,True,True,0.5778,これまで大好きだった趣味や
87,"00:04:10,380","00:04:12,300",15,True,True,0.5769,楽しみにしていたことへの関心を
88,"00:04:12,420","00:04:14,340",15,True,True,0.5769,ぷっつりと失ってしまうことです
89,"00:04:14,460","00:04:17,160",21,True,True,0.5753,毎週楽しみにしていたゴルフ中継を見なくなる
90,"00:04:17,280","00:04:22,330",40,False,True,0.5735,長年の趣味だった手芸やガーデニングの道具が、 / ほこりをかぶったまま放置されている
91,"00:04:22,450","00:04:26,690",27,True,True,0.5745,友人との集まりや、地域のイベントにも行きたがらなくなる
92,"00:04:26,810","00:04:28,590",17,True,True,0.5763,これは、単に飽きたのではありません
93,"00:04:28,710","00:04:29,670",8,True,True,0.5714,物事を理解したり
94,"00:04:29,790","00:04:32,430",18,True,True,0.0952,人との会話についていったりすることに
95,"00:04:32,550","00:04:34,330",12,True,True,0.5714,無意識のうちに困難を感じ
96,"00:04:34,450","00:04:35,470",9,True,True,0.5806,それを避けるために
97,"00:04:35,590","00:04:38,430",25,True,True,0.5747,自ら殻に閉じこもってしまっている可能性があるのです
98,"00:04:38,550","00:04:41,150",23,True,True,0.575,うつのような状態に見えることも少なくありません
99,"00:04:41,270","00:04:45,750",36,True,True,0.5714,八つ目のサインは、人柄や性格が、まるで別人のように変わってしまうことです
100,"00:04:45,870","00:04:49,970",33,True,True,0.2087,穏やかで優しかったお母さんが、ささいなことで激しく怒るようになった
101,"00:04:50,090","00:04:54,343",41,False,False,0.2,社交的で明るかったお父さんが、 / 無口で頑固になり、人の意見を全く聞かなくなった特に
102,"00:04:54,463","00:04:56,750",14,True,True,0.5714,自分の間違いを指摘された時に
103,"00:04:56,870","00:04:57,970",9,True,True,0.2581,激しく取り乱したり
104,"00:04:58,090","00:05:00,230",20,False,False,0.5714,攻撃的になったりすることがありますこれは
105,"00:05:00,350","00:05:04,470",36,False,False,0.5714,脳の中で感情をコントロールしている部分がうまく機能しなくなり不安や混乱が
106,"00:05:04,590","00:05:07,330",27,True,True,0.5745,怒りという形で直接的に表に出てしまっている状態なのです
107,"00:05:07,450","00:05:10,730",31,True,True,0.5741,九つ目は、視覚的な情報を正しく認識することが難しくなることです
108,"00:05:10,850","00:05:14,630",36,True,True,0.5714,例えば、テーブルの上のコップを掴もうとして、距離感を見誤って倒してしまう
109,"00:05:14,750","00:05:18,670",29,True,True,0.5743,あるいは、階段の段差がよく分からず、足を踏み外しそうになる
110,"00:05:18,790","00:05:22,550",38,False,True,0.5736,濃い色の絨毯に落ちている黒い財布が見つけられない、 / といったことも起こります
111,"00:05:22,670","00:05:24,470",14,True,True,0.5714,これは視力の問題だけではなく
112,"00:05:24,590","00:05:26,530",17,False,False,0.5763,目から入った情報を脳が正しく処理し
113,"00:05:26,650","00:05:29,310",28,True,True,0.5714,立体感や距離感として再構築する能力が衰えているサインです
114,"00:05:29,430","00:05:30,510",14,True,True,0.5714,車の運転が急に下手になったり
115,"00:05:30,630","00:05:34,130",20,True,True,0.5714,車庫入れでぶつけることが増えたりするのも
116,"00:05:34,250","00:05:35,790",11,True,True,0.5789,この影響が考えられます
117,"00:05:35,910","00:05:39,910",40,False,True,0.5735,そして、最後の十個目のサインは、 / 物事への意欲や自発性が、著しく低下することです
118,"00:05:40,030","00:05:43,350",33,True,True,0.5739,一日中、ただぼんやりとテレビを見ているだけで、何をするにも億劫がる
119,"00:05:43,470","00:05:45,770",17,True,True,0.5763,以前は率先してやっていた家の仕事や
120,"00:05:45,890","00:05:46,690",7,True,True,0.5833,孫の世話なども
121,"00:05:46,810","00:05:49,270",19,True,True,0.5758,人から言われないと動かなくなってしまう
122,"00:05:49,390","00:05:52,410",28,False,False,0.4082,これは、決して怠けているわけではありません何かを始めよう
123,"00:05:52,530","00:05:54,550",14,True,True,0.5714,という意欲そのものを生み出す
124,"00:05:54,670","00:05:57,110",24,True,True,0.5714,脳のエンジンがかかりにくくなっている状態なのです
125,"00:05:57,230","00:06:02,290",39,False,True,0.5714,周りから見ると、 / まるで生気や活力が失われてしまったように見えるかもしれません
126,"00:06:02,410","00:06:06,790",34,False,False,0.3697,さて、ここまで10個の危険なサインについてお話ししてきましたこれらは
127,"00:06:06,910","00:06:08,650",16,True,True,0.5714,一つだけが突然現れるというよりは
128,"00:06:08,770","00:06:11,190",15,False,False,0.1923,いくつか重なり合ってゆっくりと
129,"00:06:11,310","00:06:13,430",21,False,False,0.5753,しかし確実に進行していくのが特徴ですそして
130,"00:06:13,550","00:06:14,650",9,True,True,0.5161,何よりも重要なのは
131,"00:06:14,800","00:06:16,800",18,True,True,0.5714,こうした変化に一番初めに気づけるのは
132,"00:06:16,920","00:06:18,640",13,False,False,0.5333,他人ではなく毎日顔を合わせ
133,"00:06:19,060","00:06:20,880",18,False,False,0.1905,長年のその人らしさを知っているあなた
134,"00:06:21,000","00:06:22,433",16,False,False,0.3571,つまりご家族だということですもし
135,"00:06:22,553","00:06:24,420",13,True,True,0.5778,今日お話ししたサインのうち
136,"00:06:24,540","00:06:27,040",20,True,True,0.5714,複数の項目があなたの大切な人に当てはまる
137,"00:06:27,160","00:06:28,340",9,True,True,0.1935,と感じたのであれば
138,"00:06:28,460","00:06:30,640",17,True,True,0.5763,どうか一人で抱え込まないでください
139,"00:06:30,760","00:06:33,960",29,True,True,0.1188,そして、決して本人を責めたり、問い詰めたりしないでください
140,"00:06:34,080","00:06:36,200",27,False,False,0.5745,一番不安で、混乱しているのは、ご本人なのですからまずは
141,"00:06:36,320","00:06:37,120",10,True,True,0.5714,お住まいの地域にある
142,"00:06:37,240","00:06:38,160",11,True,True,0.5789,地域包括支援センターや
143,"00:06:38,280","00:06:42,260",26,True,True,0.5714,物忘れ外来のある専門の医療機関に相談してみてください
144,"00:06:42,380","00:06:44,180",13,True,True,0.5778,早期に専門家と繋がることが
145,"00:06:44,300","00:06:45,180",8,True,True,0.2143,ご本人にとっても
146,"00:06:45,390","00:06:46,970",11,True,True,0.2632,そしてご家族にとっても
147,"00:06:47,090","00:06:48,950",19,True,True,0.5758,これからの道を照らす確かな光となります
148,"00:06:49,070","00:06:51,150",20,True,True,0.1429,認知症は、決して特別な病気ではありません
149,"00:06:51,270","00:06:53,050",15,True,True,0.2308,誰もがなりうる、身近な病気です
150,"00:06:53,170","00:06:54,710",13,False,False,0.5778,だからこそ正しい知識を持ち
151,"00:06:54,830","00:06:57,987",29,False,False,0.5743,勇気を持って最初の一歩を踏み出すことが何よりも大切なのです
152,"00:06:58,107","00:07:00,280",15,False,False,0.5769,この動画がその一歩を後押しする
153,"00:07:00,400","00:07:01,820",13,True,True,0.5778,小さなきっかけとなることを
154,"00:07:01,940","00:07:02,880",10,True,True,0.5714,心から願っております
155,"00:07:03,000","00:07:06,040",28,False,False,0.1633,本日の話が少しでも役に立ったと感じていただけましたらぜひ
156,"00:07:06,160","00:07:08,080",18,True,True,0.3175,この情報を必要としているかもしれない
157,"00:07:08,200","00:07:10,560",21,True,True,0.274,あなたの大切な方にも共有してあげてください
158,"00:07:10,680","00:07:14,280",35,True,True,0.6087,チャンネル登録と高評価で、私たちの活動を応援していただけますと幸いです
159,"00:07:14,400","00:07:17,320",26,True,True,0.7879,最後までご視聴いただき、本当にありがとうございました
